Find:, 
size,rate
100,2857143
1000,93249
10000,109624
 , 
 , 
Pull:, 
size,rate
100,1694915
1000,100220
10000,99689
 , 
 , 
Insert:, 
size,rate
100,68918
1000,51435
10000,45658
 , 
 , 
Find:, 
size,time
100,3.5e-05
1000,0.010724
10000,0.091221
 , 
 , 
Pull:, 
size,time
100,5.9e-05
1000,0.009978
10000,0.100312
 , 
 , 
Insert:, 
size,time
100,0.001451
1000,0.019442
10000,0.219021
 , 
 , 
